{
  "n_prompts": 20,
  "max_new_tokens": 50,
  "batch_size": 4,
  "results": {
    "serial": {
      "time": 56.77670216560364,
      "gen_tokens": 1000,
      "qps": 0.3522571624830363,
      "tps": 17.612858124151817
    },
    "batch": {
      "time": 37.1248562335968,
      "gen_tokens": 1000,
      "qps": 0.5387226249215921,
      "tps": 26.936131246079604
    },
    "vllm": {
      "time": 306.856525182724,
      "gen_tokens": 0,
      "qps": 0.06517703994754745,
      "tps": 0.0
    }
  }
}