{
  "n_prompts": 50,
  "max_new_tokens": 100,
  "batch_size": 8,
  "results": {
    "serial": {
      "time": 88.67596912384033,
      "gen_tokens": 3711,
      "qps": 0.5638506180876642,
      "tps": 41.84899287446644
    },
    "batch": {
      "time": 18.378280639648438,
      "gen_tokens": 3688,
      "qps": 2.7206027038314105,
      "tps": 200.67165543460482
    },
    "vllm": {
      "time": 1.3921236991882324,
      "gen_tokens": 3483,
      "qps": 35.91634854658083,
      "tps": 2501.9328397548206
    }
  }
}