{
  "n_prompts": 50,
  "max_new_tokens": 100,
  "batch_size": 8,
  "results": {
    "serial": {
      "time": 121.95092058181763,
      "gen_tokens": 5000,
      "qps": 0.41000100500639264,
      "tps": 41.00010050063926
    },
    "batch": {
      "time": 19.262356758117676,
      "gen_tokens": 5000,
      "qps": 2.5957363695347744,
      "tps": 259.57363695347743
    },
    "vllm": {
      "time": 1.3346900939941406,
      "gen_tokens": 4520,
      "qps": 37.4618798963076,
      "tps": 3386.553942626207
    }
  }
}