{
  "n_prompts": 50,
  "max_new_tokens": 100,
  "batch_size": 8,
  "results": {
    "serial": {
      "time": 90.87577295303345,
      "gen_tokens": 5000,
      "qps": 0.5502016475374694,
      "tps": 55.02016475374693
    },
    "batch": {
      "time": 54.27368092536926,
      "gen_tokens": 5000,
      "qps": 0.9212568439710968,
      "tps": 92.12568439710968
    },
    "vllm": {
      "time": 5.163475751876831,
      "gen_tokens": 4865,
      "qps": 9.68339978779331,
      "tps": 942.1947993522889
    }
  }
}